Max SFC Length,Average Placement Reward,Average Power Consumption,Average Exceeded Penalty,Average Reward,Acceptance Ratio
8,2491.375,86.22,177.028,2228.127,0.745
10,2640.225,88.86,194.26850000000002,2357.0965,0.72
12,3244.65,108.995,269.51849999999996,2866.1365,0.76
14,3589.725,118.4,288.0875,3183.2375,0.71
16,3744.15,147.55,424.81550000000004,3171.7845,0.6799999999999999
