Max SFC Length,Average Placement Reward,Average Power Consumption,Average Exceeded Penalty,Average Reward,Acceptance Ratio
8,899.175,60.825,287.85699999999997,550.493,0.0
10,1311.95,70.675,375.05600000000004,866.2189999999999,0.0
12,1244.1,79.595,432.26099999999997,732.2439999999999,0.0
14,1725.275,77.885,433.034,1214.356,0.0
16,1666.425,101.715,608.781,955.929,0.0
