Max SFC Length,Average Placement Reward,Average Power Consumption,Average Exceeded Penalty,Average Reward,Acceptance Ratio
8,2969.425,38.23,168.6205,2762.5745,1.0
10,3516.275,48.095,221.4175,3246.7625,0.99
12,3837.55,55.175,260.716,3521.659,0.985
14,4622.95,66.795,369.73850000000004,4186.4165,1.0
16,4686.025,69.475,384.286,4232.264,0.9949999999999999
