Max SFC Length,Average Placement Reward,Average Power Consumption,Average Exceeded Penalty,Average Reward,Acceptance Ratio
8,371.625,77.39,426.06300000000005,-131.828,0.0
10,534.7,88.56,524.0715000000001,-77.9315,0.0
12,832.4,95.545,631.445,105.41,0.0
14,1026.725,112.67,825.4010000000001,88.65399999999995,0.0
16,1161.25,120.64,938.7930000000001,101.817,0.0
