Max SFC Length,Average Placement Reward,Average Power Consumption,Average Exceeded Penalty,Average Reward,Acceptance Ratio
8,-1760.225,305.65,312.44,-2378.315,0.0
10,-2201.425,383.57,380.6445,-2965.6395,0.0
12,-2835.25,549.865,534.7455,-3919.8605000000007,0.0
14,-3395.925,688.75,661.294,-4745.969,0.0
16,-3470.875,834.23,802.8729999999999,-5107.977999999999,0.0
