Max SFC Length,Average Placement Reward,Average Power Consumption,Average Exceeded Penalty,Average Reward,Average Acceptance Ratio
8,959.2125,190.58,142.66510000000002,0.054649876014930626,0.23500000000000001
10,965.3625,289.995,175.23495,-0.11000056238612302,0.215
12,962.525,401.3225,220.21735,-0.1601982976233468,0.15
16,890.7375,650.995,330.42595,-0.3830153478399746,0.11499999999999999
20,946.3125,1015.865,496.4514,-0.43042289771842035,0.095
24,861.5875,1394.4225,668.49725,-0.48460085115604856,0.08499999999999999
