Max SFC Length,Average Placement Reward,Average Power Consumption,Average Exceeded Penalty,Average Reward,Acceptance Ratio
8,-1562.55,320.55,297.0275,-2180.1275,0.205
10,-1974.275,444.2,408.7645,-2827.2395,0.135
12,-2293.75,568.41,505.735,-3367.895,0.13999999999999999
14,-2884.375,803.83,724.6279999999999,-4412.833,0.1
16,-3368.875,1074.48,975.3465,-5418.7015,0.075
